Name,Phylum,Class,Order,Family,Notes,Oxygen Tolerance,Predation Strategy,Link,Link to Sequence,Link to publication,Link to publication,Link to publication
Acidobacterium capsulatum ATCC 51196,Acidobacteria,Acidobacteria,Acidobacteriales,Acidobacteriacae,,Facultative,Non-Predator,https://www.ncbi.nlm.nih.gov/genome/1086?genome_assembly_id=170444,https://www.ncbi.nlm.nih.gov/nuccore/NC_012483.1?report=fasta,https://link.springer.com/article/10.1007/BF02106205,https://www.microbiologyresearch.org/content/journal/ijsem/10.1099/ijs.0.029629-0,
Granulicella tundricola MP5ACTX9,Acidobacteria,Acidobacteria,Acidobacteriales,Acidobacteriacae,,Aerobic,Non-Predator,https://www.ncbi.nlm.nih.gov/genome/13764?genome_assembly_id=175640,https://www.ncbi.nlm.nih.gov/nuccore/NC_015064.1?report=fasta,,,
Chloracidobacterium thermophilum B,Acidobacteria,Blastocatellia,Unclassified,Unclassified,Microaerophillic,Aerobic,Non-Predator,https://www.ncbi.nlm.nih.gov/genome/10823?genome_assembly_id=173390,https://www.ncbi.nlm.nih.gov/nuccore/NC_016024.1?report=fasta,https://www.ncbi.nlm.nih.gov/pubmed/25667398,,
Luteitalea pratensis,Acidobacteria,Vicinamibacteria,Vicinamibacterales,Vicinamibacteraceae,,Aerobic,Non-Predator,https://www.ncbi.nlm.nih.gov/genome/55067?genome_assembly_id=320181,https://www.ncbi.nlm.nih.gov/nuccore/NZ_CP015136.1?report=fasta,https://bacdive.dsmz.de/strain/140275,,
Bifidobacterium adolescentis ATCC 15703,Actinobacteria,Actinobacteria,Bifidobacteriales,Bifidobacteriaceae,,AnAerobic,Non-Predator,https://www.ncbi.nlm.nih.gov/genome/683?genome_assembly_id=300284,https://www.ncbi.nlm.nih.gov/nuccore/NC_008618.1?report=fasta,https://aem.asm.org/content/80/20/6383.short,,
Corynebacterium ulcerans,Actinobacteria,Actinobacteria,Corynebacteriales,Corynebacteriaceae,"Rare human pathogen, produces diptheria toxin",Facultative,Non-Predator,https://www.ncbi.nlm.nih.gov/genome/3461?genome_assembly_id=326897,https://www.ncbi.nlm.nih.gov/nuccore/NZ_LT906443.1?report=fasta,https://academic.oup.com/femsle/article/126/3/271/496820,,
Mycobacteroides abscessus subsp. bolletii BD,Actinobacteria,Actinobacteria,Corynebacteriales,Mycobacteriaceae,Pathogen,Aerobic,Non-Predator,https://www.ncbi.nlm.nih.gov/genome/3639?genome_assembly_id=839301,https://www.ncbi.nlm.nih.gov/nuccore/NZ_AP018436.1?report=fasta,https://www.ncbi.nlm.nih.gov/pmc/articles/PMC5418664/,,
Rhodococcus rhodochrous,Actinobacteria,Actinobacteria,Corynebacteriales,Nocardiaceae,Industrially important metaboliser of aromatic nitriles and amides,Aerobic,Non-Predator,https://www.ncbi.nlm.nih.gov/genome/11941?genome_assembly_id=326905,https://www.ncbi.nlm.nih.gov/nuccore/NZ_LT906450.1?report=fasta,https://bmcgenomics.biomedcentral.com/track/pdf/10.1186/s12864-019-6405-7,,
Brevibacterium aurantiacum,Actinobacteria,Actinobacteria,Micrococcales,Brevibacteriaceae,,Aerobic,Non-Predator,https://www.ncbi.nlm.nih.gov/genome/13323?genome_assembly_id=434867,https://www.ncbi.nlm.nih.gov/nuccore/NZ_CP025330.1?report=fasta,https://www.researchgate.net/publication/8509609_Three_New_Species_of_Brevibacteria_Brevibacterium_antiquum_sp_nov_Brevibacterium_aurantiacum_sp_nov_and_Brevibacterium_permense_sp_nov,,
Micrococcus luteus NCTC 2665,Actinobacteria,Actinobacteria,Micrococcales,Micrococcaceae,,Aerobic,Non-Predator,https://www.ncbi.nlm.nih.gov/genome/888?genome_assembly_id=300421,https://www.ncbi.nlm.nih.gov/nuccore/NC_012803.1?report=fasta,,,
Actinoplanes friuliensis DSM 7358,Actinobacteria,Actinobacteria,Micromonosporales,Micromonosporaceae,,Aerobic,Non-Predator,https://www.ncbi.nlm.nih.gov/genome/15320?genome_assembly_id=176386,https://www.ncbi.nlm.nih.gov/nuccore/NC_022657.1?report=fasta,https://www.microbiologyresearch.org/content/journal/ijsem/10.1099/ijs.0.057836-0,,
Streptomyces coelicolor A3(2),Actinobacteria,Actinobacteria,Streptomycetales,Streptomytaceae,,Aerobic,Secondary Metabolites (far),https://www.ncbi.nlm.nih.gov/genome/1057?genome_assembly_id=170400,https://www.ncbi.nlm.nih.gov/nuccore/NC_003888.3?report=fasta,,,
Xylanimonas cellulosilytica DSM 15894,Actinobacteria,Actinobacteria ,Micrococcales ,Promicromonosporaceae ,"Xylanimonas cellulosilytica (strain DSM 15894 / CECT 5975 / LMG 20990 / XIL07) is an aerobic, chemoorganotrophic, xylanolytic Gram-positive bacterium isolated from a decayed tree, Ulmus nigra, in Salamanca (Spain). ",Aerobic,Non-Predator,https://www.ncbi.nlm.nih.gov/genome/3365?genome_assembly_id=173052,https://www.ncbi.nlm.nih.gov/nuccore/NC_013530.1?report=fasta,https://www.uniprot.org/proteomes/UP000002255,,
Atopobium parvulum DSM 20469,Actinobacteria,Coriobacteriia,Coriobacteriales,Atopobiaceae,,AnAerobic,Non-Predator,https://www.ncbi.nlm.nih.gov/genome/2210?genome_assembly_id=300739,https://www.ncbi.nlm.nih.gov/nuccore/NC_013203.1?report=fasta,https://environmentalmicrobiome.biomedcentral.com/articles/10.4056/sigs.29547,https://link.springer.com/content/pdf/10.1007/978-3-642-30138-4_343.pdf,
Streptomyces avermitilis MA-4680 = NBRC 14893,Actinobacteria ,Actinobacteria ,Streptomycetales ,Streptomycetaceae ,"Streptomyces strains are aerobic, gram-positive, mycelia-forming soil bacteria with high G+C content DNA, potential opportunistic predator",Aerobic,Wolf-Pack,https://www.ncbi.nlm.nih.gov/genome/1040?genome_assembly_id=272127,https://www.ncbi.nlm.nih.gov/nuccore/NC_003155.5?report=fasta,https://link.springer.com/article/10.1186/s12934-018-0991-y,https://www.ncbi.nlm.nih.gov/pmc/articles/PMC2774760/,
Thermocrinis ruber,Aquificae,Aquificae,Aquificales,Aquificaceae,"Paper says facultative Aerobic, so unsure whether or not to classify as aerobic or facultative",Facultative,Non-Predator,https://www.ncbi.nlm.nih.gov/genome/11866?genome_assembly_id=173837,https://www.ncbi.nlm.nih.gov/nuccore/NZ_CP007028.1?report=fasta,https://www.ncbi.nlm.nih.gov/pmc/articles/PMC106467/,,
Thermovibrio ammonificans HB-1,Aquificae,Aquificae,Aquificales,Desulfurobacteriaceae,,AnAerobic,Non-Predator,https://www.ncbi.nlm.nih.gov/genome/2926?genome_assembly_id=172798,https://www.ncbi.nlm.nih.gov/nuccore/NC_014926.1?report=fasta,https://link.springer.com/article/10.4056/sigs.2856770,,
Desulfurobacterium thermolithotrophum DSM 11699,Aquificae,Aquificae,Desulfurobacteriales,Desulfurobacteriaceae,,AnAerobic,Non-Predator,https://www.ncbi.nlm.nih.gov/genome/3044?genome_assembly_id=172867,https://www.ncbi.nlm.nih.gov/nuccore/NC_014926.1?report=fasta,https://environmentalmicrobiome.biomedcentral.com/articles/10.4056/sigs.2465574,,
Fimbriimonas ginsengisoli Gsoil 348,Armatimonadetes,Fimbriimonadia,Fimbriimonadales,Fimbrimonadaceae,,Aerobic,Non-Predator,https://www.ncbi.nlm.nih.gov/genome/12563?genome_assembly_id=204163,https://www.ncbi.nlm.nih.gov/nuccore/NZ_CP007139.1?report=fasta,https://www.ncbi.nlm.nih.gov/pmc/articles/PMC4072686/,,
Bacteroides vulgatus ATCC 8482,Bacteroidetes,Bacteroidia,Bacteroidales,Bacteroidaceae,,AnAerobic,Non-Predator,https://www.ncbi.nlm.nih.gov/genome/1218?genome_assembly_id=300592,https://www.ncbi.nlm.nih.gov/nuccore/NC_009614.1?report=fasta,https://www.sciencedirect.com/science/article/pii/S1075996416300269,https://www.microbiologyresearch.org/content/journal/ijsem/10.1099/00207713-26-2-230,
Prevotella denticola F0289,Bacteroidetes,Bacteroidia,Bacteroidales,Prevotellaceae,,AnAerobic,Non-Predator,https://www.ncbi.nlm.nih.gov/genome/2916?genome_assembly_id=172793,https://www.ncbi.nlm.nih.gov/nuccore/NC_015311.1?report=fasta,https://link.springer.com/article/10.1007/s10142-017-0550-3,,
Alistipes dispar,Bacteroidetes,Bacteroidia,Bacteroidales,Rikenellaceae,,Anaerobic,Non-Predator,https://www.ncbi.nlm.nih.gov/genome/87088?genome_assembly_id=766849,https://www.ncbi.nlm.nih.gov/nuccore/NZ_AP019736.1?report=fasta,https://www.ncbi.nlm.nih.gov/pubmed/31633480,,
Fibrella aestuarina BUZ 2,Bacteroidetes,Cytophagia,Cytophagales,Cytophagaceae,,Facultative,Lytic Enzymes (close),https://www.ncbi.nlm.nih.gov/genome/15315?genome_assembly_id=176384,https://www.ncbi.nlm.nih.gov/nuccore/NC_020054.1?report=fasta,https://www.microbiologyresearch.org/content/journal/ijsem/10.1099/ijs.0.020503-0#tab2,,
Leadbetterella byssophilia DSM 17132,Bacteroidetes,Cytophagia ,Cytophagales  ,Cytophagaceae ,"Cells were Gram-negative, strictly aerobic, rod-shaped, non-motile, catalase-positive, oxidase-positive and flexirubin-positive. The strain hydrolysed aesculin, gelatin, starch and tyrosine.ÿIsolated from cotton-waste composts used for mushroom cultivation in Korea",Aerobic,Non-Predator,https://www.ncbi.nlm.nih.gov/genome/2155?genome_assembly_id=172181,https://www.ncbi.nlm.nih.gov/nuccore/NC_014655.1?report=fasta,,,
Cytophaga hutchinsonii ,Bacteroidetes,Cytophagia ,Cytophagales  ,Cytophagaceae ,"Can't find evidence of predation other than listing in (Pasternak et al., 2013)",Aerobic,Lytic enzymes (close),https://www.ncbi.nlm.nih.gov/genome/?term=Cytophaga+hutchinsonii,https://www.ncbi.nlm.nih.gov/nuccore/NC_008255.1?report=fasta,https://www.ncbi.nlm.nih.gov/pubmed/17400776,,
Aequorivita sublithincola DSM 14238,Bacteroidetes,Flavobacteriia,Flavobacteriales,Flavobacteriaceae,"Marine, some species strongly proteolytic, surfaces of seaweeds, sea ice, open seawater",Aerobic,Non-Predator,https://www.ncbi.nlm.nih.gov/genome/11300?genome_assembly_id=173584,https://www.ncbi.nlm.nih.gov/nuccore/NC_018013.1?report=fasta,https://onlinelibrary.wiley.com/doi/abs/10.1002/9781118960608.gbm00293.pub2,,
Cellulophaga lytica DSM 7489,Bacteroidetes,Flavobacteriia,Flavobacteriales,Flavobacteriaceae,"Isolated from marine beach mud in Costa Rica. Aerobic, motile by gliding, can degrade agar.",Aerobic,Non-Predator,https://www.ncbi.nlm.nih.gov/genome/3018?genome_assembly_id=172840,https://www.ncbi.nlm.nih.gov/nuccore/NC_015167.1?report=fasta,https://link.springer.com/article/10.4056/sigs.1774329,,
Flavobacterium johnsoniae UW101,Bacteroidetes,Flavobacteriia,Flavobacteriales,Flavobacteriaceae,,Aerobic,Lytic Enzymes (close),https://www.ncbi.nlm.nih.gov/genome/1391?genome_assembly_id=300626,https://www.ncbi.nlm.nih.gov/nuccore/NC_009441.1?report=fasta,,,
Fluviicola taffensis DSM 16823,Bacteroidetes,Flavobacteriia ,Flavobacteriales,Crocinitomicaceae ,"Strict Aerobic. Genus of freshwater bacteria that cannot grow in presence of Na+, type strain from river Taff, Wales.",Aerobic,Non-Predator,https://www.ncbi.nlm.nih.gov/genome/2830?genome_assembly_id=172690,https://www.ncbi.nlm.nih.gov/nuccore/NC_015321.1?report=fasta,https://link.springer.com/article/10.4056/sigs.2124912,,
Robiginitalea biformata HTCC2501,Bacteroidetes,Flavobacteriia ,Flavobacteriales ,Flavobacteriaceae ,Isolated from Sargasso Sea by dilution to extinction. Aerobic chemotroph. Aerobic CO oxidation is mediated by aerobic-type CO dehydrogenase (CODH).,Aerobic,Non-Predator,https://www.ncbi.nlm.nih.gov/genome/1668?genome_assembly_id=171500,https://www.ncbi.nlm.nih.gov/nuccore/NC_013222.1?report=fasta,https://www.ncbi.nlm.nih.gov/pmc/articles/PMC2772462/,,
Wenyingzhuangia fucanilytica,Bacteroidetes,Flavobacteriia ,Flavobacteriales ,Flavobacteriaceae ,"A Gram-staining-negative, rod-shaped, strictly aerobic, non-flagellated,",Aerobic,Non-Predator,https://www.ncbi.nlm.nih.gov/genome/45634?genome_assembly_id=280309,https://www.ncbi.nlm.nih.gov/nuccore/NZ_CP014224.1?report=fasta,https://www.ncbi.nlm.nih.gov/pubmed/27220912,,
Psychroflexus torquis ATCC 700755,Bacteroidetes,Flavobacteriia ,Flavobacteriales  ,Flavobacteriaceae ,"Aerobic sea ice bacterium with proteorhodopsin to harvest light energy. Cells possess the unusual ability to synthesize the polyunsaturated fatty acids eicosapentaenoic acid (20:5-omega-3) and arachidonic acid (20:4-omega-6), and are bright orange in color on seawater medium. This is the type strain (adapted from PMID 9639931).",Aerobic,Non-Predator,https://www.ncbi.nlm.nih.gov/genome/1279?genome_assembly_id=171040,https://www.ncbi.nlm.nih.gov/nuccore/NC_018721.1?report=fasta,https://www.uniprot.org/proteomes/UP000008514,,
Zunongwangia profunda SM-A87,Bacteroidetes,Flavobacteriia  ,Flavobacteriales ,Flavobacteriaceae ,"Zunongwangia profunda SM-A87, which was isolated from deep-sea sediment, is an aerobic, gram-negative bacterium that represents a new genus of Flavobacteriaceae. ",Aerobic,Non-Predator,https://www.ncbi.nlm.nih.gov/genome/2236?genome_assembly_id=172246,https://www.ncbi.nlm.nih.gov/nuccore/NC_014041.1?report=fasta,https://www.ncbi.nlm.nih.gov/pmc/articles/PMC2864250/,,
Saprospira grandis str. Lewin,Bacteroidetes,Saprospiria,Saprospirales,Saprospiraceae,,Aerobic,Ixotrophy,https://www.ncbi.nlm.nih.gov/genome/10813?genome_assembly_id=173384,https://www.ncbi.nlm.nih.gov/nuccore/NC_016940.1?report=fasta,https://environmentalmicrobiome.biomedcentral.com/articles/10.4056/sigs.2445005,,
Caldisericum exile AZM16c01,Caldiserica,Caldisericae,Caldisericales,Caldisericaceae,,AnAerobic,Non-Predator,https://www.ncbi.nlm.nih.gov/genome/11233?genome_assembly_id=173573,https://www.ncbi.nlm.nih.gov/nuccore/NC_017096.1?report=fasta,https://onlinelibrary.wiley.com/doi/abs/10.1002/9781118960608.gbm01477,,
Caldithrix abyssi DSM 13497,Calditrichaeota,Calditrichae,Calditrichaeotales,Calditrichaeotaceae,,AnAerobic,Non-Predator,https://www.ncbi.nlm.nih.gov/genome/11378?genome_assembly_id=293601,https://www.ncbi.nlm.nih.gov/nuccore/NZ_CP018099.1?report=fasta,https://www.frontiersin.org/articles/10.3389/fmicb.2017.00195/full,,
Chlamydia abortus,Chlamydiae,Chlamydiae,Chlamydiales,Chlamydiaceae,Intracellular parasite,Facultative,Non-Predator,https://www.ncbi.nlm.nih.gov/genome/1091,https://www.ncbi.nlm.nih.gov/nuccore/NZ_CP024084.1?report=fasta,,,
Parachlamydia acanthamoebae UV-7,Chlamydiae,Chlamydiae,Parachlamydiales,Parachlamydiaceae,"Intracellular parasite of amoebae, lower respiratory tract pathogen",Aerobic,Non-Predator,https://www.ncbi.nlm.nih.gov/genome/2157?genome_assembly_id=172182,https://www.ncbi.nlm.nih.gov/nuccore/NC_015702.1?report=fasta,https://www.clinicalmicrobiologyandinfection.com/article/S1198-743X(14)60593-0/fulltext,,
Waddlia chondrophila WSU 86-1044,Chlamydiae,Chlamydiae,Parachlamydiales,Waddliaceae,Intracellular parasite,Aerobic,Non-Predator,https://www.ncbi.nlm.nih.gov/genome/2757?genome_assembly_id=172631,https://www.ncbi.nlm.nih.gov/nuccore/NC_014225.1?report=fasta,https://www.ncbi.nlm.nih.gov/pubmed/20531937,,
Chlorobium limicola DSM 245,Chlorobi,Chlorobia,Chlorobiales,Chlorobiaceae,"Photoautolithotrophic, mixotrophic",AnAerobic,Non-Predator,https://www.ncbi.nlm.nih.gov/genome/1157?genome_assembly_id=300573,https://www.ncbi.nlm.nih.gov/nuccore/NC_010803.1?report=fasta,https://genome.jgi.doe.gov/portal/chlli/chlli.home.html,,
Pelodictyon phaeoclathratiforme BU-1,Chlorobi,Chlorobia,Chlorobiales,Chlorobiaceae,"Photoautolithotrophic, mixotrophic",AnAerobic,Non-Predator,https://www.ncbi.nlm.nih.gov/genome/1181?genome_assembly_id=170875,https://www.ncbi.nlm.nih.gov/nuccore/NC_011060.1?report=fasta,https://link.springer.com/article/10.1007/BF00425181,,
Chloroflexus aurantiacus J-10-fl,Chloroflexi,Chloroflexia,Chloroflexiales,Chloroflexiaceae,,Facultative,Non-Predator,https://www.ncbi.nlm.nih.gov/genome/1017?genome_assembly_id=170295,https://www.ncbi.nlm.nih.gov/nuccore/NC_010175.1?report=fasta,https://jb.asm.org/content/191/11/3580,,
Herpetosiphon aurantiacus DSM 785,Chloroflexi,Chloroflexia,Herpetosiphonales,Herpetosiphonaceae,Facultative predaion,Aerobic,Myxobacteria-like,https://www.ncbi.nlm.nih.gov/genome/1415?genome_assembly_id=300633,https://www.ncbi.nlm.nih.gov/nuccore/CP000875.1?report=fasta,https://www.ncbi.nlm.nih.gov/pubmed/22675585,,
Dehalococcoides mccartyi 195,Chloroflexi,Dehalococcoidia,Dehalococcoidales,Dehalococcoidaceae,,AnAerobic,Non-Predator,https://www.ncbi.nlm.nih.gov/genome/1048?genome_assembly_id=300498,https://www.ncbi.nlm.nih.gov/nuccore/NC_002936.3?report=fasta,https://www.microbiologyresearch.org/content/journal/ijsem/10.1099/ijs.0.034926-0,https://www.pnas.org/content/111/33/12103.short,
Sphaerobacter thermophilus DSM 20745,Chloroflexi,Sphaerobacteridae,Sphaerobacteridales,Sphaerobacteridaceae,,Anaerobic,Non-Predator,https://www.ncbi.nlm.nih.gov/genome/3366?genome_assembly_id=173053,https://www.ncbi.nlm.nih.gov/nuccore/NC_013523.1?report=fasta,https://www.ncbi.nlm.nih.gov/pmc/articles/PMC3035252/,,
Tepidiforma bonchosmolovskayae,Chloroflexi,Tepidformia,Tepidformiales,Tepidformiaceae,"Motile, various antibiotic resistances",Aerobic,Non-Predator,https://www.ncbi.nlm.nih.gov/genome/84737?genome_assembly_id=704019,https://www.ncbi.nlm.nih.gov/nuccore/NZ_CP042829.1?report=fasta,https://www.microbiologyresearch.org/content/journal/ijsem/10.1099/ijsem.0.003902,,
Desulfurispirillum indicum S5,Chrysiogenetes,Chrysiogenetes,Chrysiogenetes,Chrysiogenaceae,,AnAerobic,Non-Predator,https://www.ncbi.nlm.nih.gov/genome/2180?genome_assembly_id=172201,https://www.ncbi.nlm.nih.gov/nuccore/NC_014836.1?report=fasta,https://www.microbiologyresearch.org/content/journal/ijsem/10.1099/ijs.0.022392-0,,
Coprothermobacter proteolyticus DSM 5265,Coprothermobacterota,Coprothermobacteria,Coprothermobacteriales,Coprothermobacteraceae,,AnAerobic,Non-Predator,https://www.ncbi.nlm.nih.gov/genome/1780?genome_assembly_id=171653,https://www.ncbi.nlm.nih.gov/nuccore/NC_011295.1?report=fasta,https://www.ncbi.nlm.nih.gov/pmc/articles/PMC4022818/,https://www.nature.com/articles/s41396-018-0290-y,
Leptolyngbya boryana dg5,Cyanobacteria,Cyanobacteria,Synechoccales,Leptolyngbyaceae,,Aerobic,Non-Predator,https://www.ncbi.nlm.nih.gov/genome/13383?genome_assembly_id=317964,https://www.ncbi.nlm.nih.gov/nuccore/NZ_AP014642.1?report=fasta,https://www.ncbi.nlm.nih.gov/pmc/articles/PMC4675709/,,
Euhalothece natronophila Z-M001,Cyanobacteria,Oscillatoriophycideae,Chroococcales,Aphanothecaceae,Found in Soda Lakes,Anaerobic,Non-Predator,https://www.ncbi.nlm.nih.gov/genome/83403?genome_assembly_id=652887,https://www.ncbi.nlm.nih.gov/nuccore/NZ_CP042326.1?report=fasta,https://link.springer.com/content/pdf/10.1134/S0026261708060106.pdf,,
Gloeothece citriformis PCC 7424,Cyanobacteria,Oscillatoriophycideae,Chroococcales,Aphanothecaceae,,Facultative,Non-Predator,https://www.ncbi.nlm.nih.gov/genome/82368?genome_assembly_id=600761,https://www.ncbi.nlm.nih.gov/nuccore/NC_011729.1?report=fasta,,,
Cyanobacterium aponinum PCC 10605,Cyanobacteria,Oscillatoriophycideae,Chroococcales,Cyanobacteriaceae,,Aerobic,Non-Predator,https://www.ncbi.nlm.nih.gov/genome/15770?genome_assembly_id=176492,https://www.ncbi.nlm.nih.gov/nuccore/NC_019776.1?report=fasta,,,
Microcystis aeruginosa NIES-843,Cyanobacteria,Oscillatoriophycideae,Chroococcales,Microystaceae,,Aerobic,Non-Predator,https://www.ncbi.nlm.nih.gov/genome/820?genome_assembly_id=300393,https://www.ncbi.nlm.nih.gov/nuccore/NC_010296.1?report=fasta,,,
Calditerrivibrio nitroreducens DSM 19672,Deferribacteres,Deferribacteres,Deferribacterales,Deferribacteraceae,Nitrate (only) > ammonium,AnAerobic,Non-Predator,https://www.ncbi.nlm.nih.gov/genome/2929?genome_assembly_id=172802,https://www.ncbi.nlm.nih.gov/nuccore/NC_014758.1?report=fasta,https://environmentalmicrobiome.biomedcentral.com/articles/10.4056/sigs.1523807,,
Denitrovibrio acetiphilus DSM 12809,Deferribacteres,Deferribacteres,Deferribacterales,Deferribacteraceae,"Nitrate (only) > ammonium, fumarate fermentation",AnAerobic,Non-Predator,https://www.ncbi.nlm.nih.gov/genome/3373?genome_assembly_id=173061,https://www.ncbi.nlm.nih.gov/nuccore/NC_013943.1?report=fasta,https://environmentalmicrobiome.biomedcentral.com/articles/10.4056/sigs.892105,,
Flexistipes sinusarabici DSM 4947,Deferribacteres,Deferribacteres,Deferribacterales,Deferribacteraceae,,AnAerobic,Non-Predator,https://www.ncbi.nlm.nih.gov/genome/2758?genome_assembly_id=172632,https://www.ncbi.nlm.nih.gov/nuccore/NC_015672.1?report=fasta,https://link.springer.com/article/10.1007/BF00423320,,
Deinococcus gobiensis I-0,Deinococcus-Thermus,Deinococci,Deinococcales,Deinococcaceae,Nitrate > nitrite,Facultative,Non-Predator,https://www.ncbi.nlm.nih.gov/genome/11299?genome_assembly_id=173583,https://www.ncbi.nlm.nih.gov/nuccore/NC_017790.1?report=fasta,https://www.microbiologyresearch.org/content/journal/ijsem/10.1099/ijs.0.004523-0,,
Deinococcus maricopensis DSM 21211,Deinococcus-Thermus,Deinococci,Deinococcales,Deinococcaceae,"Aerobic, isolated from soil from the Sonoran desert in Arizona",Aerobic,Non-Predator,https://www.ncbi.nlm.nih.gov/genome/2690?genome_assembly_id=172604,https://www.ncbi.nlm.nih.gov/nuccore/NC_014958.1?report=fasta,https://environmentalmicrobiome.biomedcentral.com/articles/10.4056/sigs.1633949,,
Truepera radiovictrix DSM 17093,Deinococcus-Thermus,Deinococci,Deinococcales,Trueperaceae,,Aerobic,Non-Predator,https://www.ncbi.nlm.nih.gov/genome/2158?genome_assembly_id=172184,https://www.ncbi.nlm.nih.gov/nuccore/NC_014221.1?report=fasta,https://www.ncbi.nlm.nih.gov/pmc/articles/PMC3072082/,,
Oceanithermus profundus DSM 14977,Deinococcus-Thermus,Deinococci,Thermales,Thermaceae,Microaerophillic,Aerobic,Non-Predator,https://www.ncbi.nlm.nih.gov/genome/2326?genome_assembly_id=172357,https://www.ncbi.nlm.nih.gov/nuccore/NC_014761.1?report=fasta,,,
Thermus aquaticus Y51MC23,Deinococcus-Thermus,Deinococci,Thermales,Thermaceae,,Facultative,Non-Predator,https://www.ncbi.nlm.nih.gov/genome/1724?genome_assembly_id=254532,https://www.ncbi.nlm.nih.gov/nuccore/NZ_CP010822.1?report=fasta,,,
Marinithermus hydrothermalis DSM 14884,Deinococcus-Thermus ,Deinococci,Thermales ,Thermaceae ,"Strict Aerobic, thermophilic marine bacterium from deep-sea hydrothermal vent chimney off Japan",Aerobic,Non-Predator,https://www.ncbi.nlm.nih.gov/genome/3025?genome_assembly_id=172843,https://www.ncbi.nlm.nih.gov/nuccore/NC_015387.1?report=fasta,https://www.microbiologyresearch.org/content/journal/ijsem/10.1099/ijs.0.02364-0,,
Meiothermus ruber DSM 1279,Deinococcus-Thermus ,Deinococci ,Thermales ,Thermaceae ,"Obligately aerobic, less thermophilic, isolated from hot springs",Aerobic,Non-Predator,https://www.ncbi.nlm.nih.gov/genome/3374?genome_assembly_id=173062,https://www.ncbi.nlm.nih.gov/nuccore/NC_013946.1?report=fasta,https://environmentalmicrobiome.biomedcentral.com/articles/10.4056/sigs.1032748?optIn=false,,
Dictyoglomus thermophilum H-6-12,Dictyoglomi,Dictyoglomae,Dictyoglomales,Dictyoglomaceae,,AnAerobic,Non-Predator,https://www.ncbi.nlm.nih.gov/genome/1781?genome_assembly_id=171654,https://www.ncbi.nlm.nih.gov/nuccore/NC_011297.1?report=fasta,https://www.ncbi.nlm.nih.gov/pmc/articles/PMC3931368/,,
Elusimicrobium minutum Pei191,Elusimicrobia,Elusimicrobia,Elusimicrobiales,Elusimicrobiaceae,,AnAerobic,Non-Predator,https://www.ncbi.nlm.nih.gov/genome/1584?genome_assembly_id=171422,https://www.ncbi.nlm.nih.gov/nuccore/NC_010644.1?report=fasta,https://aem.asm.org/content/75/9/2831.short,,
Endomicrobium proavitum,Elusimicrobia,Elusimicrobia,Elusimicrobiales,Elusimicrobiaceae,,Anaerobic,Non-Predator,https://www.ncbi.nlm.nih.gov/genome/38453?genome_assembly_id=232666,https://www.ncbi.nlm.nih.gov/nuccore/NZ_CP009498.1?report=fasta,https://www.ncbi.nlm.nih.gov/pubmed/26119974,,
Fibrobacter succinogenes subsp. succinogenes S85,Fibrobacteres,Fibrobacteres,Fibrobacterales,Fibrobacteraceae,"Cellulose fermentation, rumen, formerly Bacteroides succinogenes",AnAerobic,Non-Predator,https://www.ncbi.nlm.nih.gov/genome/932?genome_assembly_id=169944,https://www.ncbi.nlm.nih.gov/nuccore/NC_017448.1?report=fasta,https://aem.asm.org/content/56/5/1221.short,,
Bacillus cereus ATCC 14579,Firmicutes,Bacilli,Bacillales,Bacillaceae,,Facultative,Undefined Epiobiotic,https://www.ncbi.nlm.nih.gov/genome/157?genome_assembly_id=570877,https://www.ncbi.nlm.nih.gov/nuccore/NZ_CP034551.1?report=fasta,https://www.ncbi.nlm.nih.gov/pmc/articles/PMC2863360/,,
Staphylococcus warneri SG1,Firmicutes,Bacilli,Bacillales,Staphylococcaceae,,Aerobic,Non-Predator,https://www.ncbi.nlm.nih.gov/genome/2073?genome_assembly_id=172089,https://www.ncbi.nlm.nih.gov/nuccore/CP003668.1?report=fasta,https://www.ncbi.nlm.nih.gov/pmc/articles/PMC3622959/,,
Bacillus subtilis,Firmicutes,Bacilli,Bacilliales,Bacilliaceae,,Facultative,Undefined Epibiotic,https://www.ncbi.nlm.nih.gov/genome/665?genome_assembly_id=760275,https://www.ncbi.nlm.nih.gov/nuccore/NZ_CP046860.1?report=fasta,https://www.ncbi.nlm.nih.gov/pubmed/9891797,,
Suicoccus acidiformans,Firmicutes,Bacilli,Lactobacillales,Aerococcaceae,,Facultative,Non-Predator,https://www.ncbi.nlm.nih.gov/genome/72381?genome_assembly_id=405606,https://www.ncbi.nlm.nih.gov/nuccore/NZ_CP023434.1?report=fasta,https://www.microbiologyresearch.org/content/journal/ijsem/10.1099/ijsem.0.003340,,
Carnobacterium maltaromaticum LMA28,Firmicutes,Bacilli,Lactobacillales,Carnobacteriaceae,Inhibit growth of Listeria monocytogenes in fish and meat products,Facultative,Non-Predator,https://www.ncbi.nlm.nih.gov/genome/11762?genome_assembly_id=173741,https://www.ncbi.nlm.nih.gov/nuccore/NC_019425.2?report=fasta,https://www.ncbi.nlm.nih.gov/nuccore/NC_019425.2?report=fasta,,
Oenococcus oeni PSU-1,Firmicutes,Bacilli,Lactobacillales,Leuconostocaceae,Used in wine fermentation,Facultative,Non-Predator,https://www.ncbi.nlm.nih.gov/genome/541?genome_assembly_id=300260,https://www.ncbi.nlm.nih.gov/nuccore/NC_008528.1?report=fasta,,,
Lactococcus lactis subsp. lactis,Firmicutes,Bacilli,Lactobacillales,Streptococcaceae,,Facultative,Non-Predator,https://www.ncbi.nlm.nih.gov/genome/156?genome_assembly_id=280168,https://www.ncbi.nlm.nih.gov/nuccore/NZ_LT599049.1?report=fasta,https://microbialcellfactories.biomedcentral.com/articles/10.1186/s12934-017-0669-x,,
Clostridium tetani E88,Firmicutes,Clostridia,Clostridiales,Clostridiaceae,Many peptide uptake systems,AnAerobic,Non-Predator,https://www.ncbi.nlm.nih.gov/genome/1098?genome_assembly_id=300529,https://www.ncbi.nlm.nih.gov/nuccore/NC_004557.1?report=fasta,https://www.pnas.org/content/100/3/1316.short,,
Clostridioides difficile,Firmicutes,Clostridia,Clostridiales,Peptostreptococcaceae,"Reclassified from Clostridium in 2016, gut pathogen",Anaerobic,Non-Predator,https://www.ncbi.nlm.nih.gov/genome/535?genome_assembly_id=228049,https://www.ncbi.nlm.nih.gov/nuccore/NZ_LN614756.1?report=fasta,https://www.thelancet.com/journals/laninf/article/PIIS1473-3099(19)30177-X/fulltext,,
Ruminococcus albus 7 = DSM 20455,Firmicutes,Clostridia,Clostridiales,Ruminococcus,,Anaerobic,Non-Predator,https://www.ncbi.nlm.nih.gov/genome/1019?genome_assembly_id=170296,https://www.ncbi.nlm.nih.gov/nuccore/NC_014833.1?report=fasta,,,
Halobacteroides halobius DSM 5150,Firmicutes,Clostridia,Halanaerobiales,Halobacteroidaceae,,Anaerobic,Non-Predator,https://www.ncbi.nlm.nih.gov/genome/11303?genome_assembly_id=173585,https://www.ncbi.nlm.nih.gov/nuccore/NC_019978.1?report=fasta,,,
Carboxydothermus hydrogenoformans Z-2901,Firmicutes,Clostridia,Thermoanaerobacterales,Thermoanaerobacteraceae,Can grow on carbon monoxide,Anaerobic,Non-Predator,https://www.ncbi.nlm.nih.gov/genome/1062?genome_assembly_id=170404,https://www.ncbi.nlm.nih.gov/nuccore/NC_007503.1?report=fasta,,,
Ezakiella massiliensis,Firmicutes,Tissierella,Unclassified,Unclassified,Bacterial vaginosis,Anaerobic,Non-Predator,https://www.ncbi.nlm.nih.gov/genome/51838?genome_assembly_id=302029,https://www.ncbi.nlm.nih.gov/nuccore/NZ_LT635475.1?report=fasta,https://www.ncbi.nlm.nih.gov/pmc/articles/PMC5099271/,,
Parvimonas micra,Firmicutes,Tissierellia,Tissierellales,Peptoniphilaceae,,AnAerobic,Non-Predator,https://www.ncbi.nlm.nih.gov/genome/974?genome_assembly_id=214143,https://www.ncbi.nlm.nih.gov/nuccore/NZ_CP009761.1?report=fasta,https://mra.asm.org/content/1/6/e01025-13,https://www.sciencedirect.com/science/article/pii/S1198743X14621030,
Fusobacterium varium,Fusobacteria,Fusobacteria,Fusobacteriales,Fusobacteriaceae,"Gut pathogen, associated with various cancers",Anaerobic,Non-Predator,https://www.ncbi.nlm.nih.gov/genome/2098?genome_assembly_id=432461,https://www.ncbi.nlm.nih.gov/nuccore/NZ_LR134390.1?report=fasta,https://www.ncbi.nlm.nih.gov/pmc/articles/PMC5720691/,,
Ilyobacter polytropus DSM 2926,Fusobacteria,Fusobacteria,Fusobacteriales,Fusobacteriaceae,"Marine anoxic mud, ferments all sorts, no respiration",AnAerobic,Non-Predator,https://www.ncbi.nlm.nih.gov/genome/1831?genome_assembly_id=171745,https://www.ncbi.nlm.nih.gov/nuccore/NC_014632.1?report=fasta,https://link.springer.com/article/10.1007/BF00454916,https://link.springer.com/article/10.4056/sigs.1273360,
Leptotrichia buccalis C-1013-b,Fusobacteria,Fusobacteria,Fusobacteriales,Leptotrichiaceae,,AnAerobic,Non-Predator,https://www.ncbi.nlm.nih.gov/genome/3402?genome_assembly_id=173092,https://www.ncbi.nlm.nih.gov/nuccore/NC_013192.1?report=fasta,https://environmentalmicrobiome.biomedcentral.com/articles/10.4056/sigs.1854,,
Sebaldella termitidis ATCC 33386,Fusobacteria,Fusobacteria,Fusobacteriales,Leptotrichiaceae,"Formerly Bacteroides termitidis, ferments glucose to acetate and lactate, isolated from Reticulitermes lucifugus (Mediterranean termites) by the French microbiologist Madeleine Sebald ",AnAerobic,Non-Predator,https://www.ncbi.nlm.nih.gov/genome/3362?genome_assembly_id=173049,https://www.ncbi.nlm.nih.gov/nuccore/NC_013517.1?report=fasta,https://www.microbiologyresearch.org/content/journal/ijsem/10.1099/00207713-36-2-349,https://environmentalmicrobiome.biomedcentral.com/articles/10.4056/sigs.811799,
Sneathia amnii,Fusobacteria,Fusobacteria,Fusobacteriales,Leptotrichiaceae,"Fastidious, mildly aerotolerant, vaginal pathogen",Anaerobic,Non-Predator,https://www.ncbi.nlm.nih.gov/genome/41528?genome_assembly_id=258358,https://www.ncbi.nlm.nih.gov/nuccore/NZ_CP011280.1?report=fasta,https://bmcgenomics.biomedcentral.com/articles/10.1186/1471-2164-13-S8-S4,,
Streptobacillus moniliformis DSM 12112,Fusobacteria,Fusobacteria,Fusobacteriales,Leptotrichiaceae,Microaerophillic,Aerobic,Non-Predator,https://www.ncbi.nlm.nih.gov/genome/3361?genome_assembly_id=173048,https://www.ncbi.nlm.nih.gov/nuccore/NC_013515.1?report=fasta,,,
Gemmatimonas aurantiaca T-27,Gemmatimonadetes,Gemmatimonadetes,Gemmatimonadales,Gemmatimonadaceae,,Aerobic,Non-Predator,https://www.ncbi.nlm.nih.gov/genome/1632?genome_assembly_id=171452,https://www.ncbi.nlm.nih.gov/nuccore/NC_012489.1?report=fasta,,,
Gemmatimonas phototrophica,Gemmatimonadetes,Gemmatimonadetes,Gemmatimonadales,Gemmatimonadaceae,,Aerobic,Non-Predator,https://www.ncbi.nlm.nih.gov/genome/38184?genome_assembly_id=298146,https://www.ncbi.nlm.nih.gov/nuccore/NZ_CP011454.1?report=fasta,,,
Kiritimatiella glycovorans,Kiritimatiellaeota,Kiritimatiellae,Kiritimatiellales,Kiritimatiellaceae,,AnAerobic,Non-Predator,https://www.ncbi.nlm.nih.gov/genome/50973?genome_assembly_id=297709,https://www.ncbi.nlm.nih.gov/nuccore/NZ_CP010904.1?report=fasta,https://www.nature.com/articles/ismej201684,,
Leptospirillum ferriphilum ML-04,Nitrospirae,Nitrospira,Nitrospirales,Nitrospiraceae,,Aerobic,Non-Predator,https://www.ncbi.nlm.nih.gov/genome/11584?genome_assembly_id=173696,https://www.ncbi.nlm.nih.gov/nuccore/NC_018649.1?report=fasta,https://www.ncbi.nlm.nih.gov/pubmed/22203551,,
Nitrospira defluvii,Nitrospirae,Nitrospira,Nitrospirales,Nitrospiraceae,Genetic relations to microaerophillic and anaerobic ancestors,Aerobic,Non-Predator,https://www.ncbi.nlm.nih.gov/genome/2768?genome_assembly_id=172642,https://www.ncbi.nlm.nih.gov/nuccore/NC_014355.1?report=fasta,https://www.ncbi.nlm.nih.gov/pmc/articles/PMC2922143/,,
Thermodesulfovibrio yellowstonii DSM 11347,Nitrospirae,Nitrospira,Nitrospirales,Nitrospiraceae,,Anaerobic,Non-Predator,https://www.ncbi.nlm.nih.gov/genome/1782?genome_assembly_id=171655,https://www.ncbi.nlm.nih.gov/nuccore/NC_011296.1?report=fasta,https://www.ncbi.nlm.nih.gov/pmc/articles/PMC4319510/,,
Gemmata obscuriglobus,Plantomycetes,Plantomycetia,Gemmatales,Gemmataceae,,Aerobic,Non-Predator,https://www.ncbi.nlm.nih.gov/genome/1623?genome_assembly_id=662412,https://www.ncbi.nlm.nih.gov/nuccore/NZ_CP042911.1?report=fasta,https://bmcmolcellbiol.biomedcentral.com/articles/10.1186/1471-2121-10-4,,
Singulisphaera acidiphila DSM 18658,Plantomycetes,Plantomycetia,Isosphaerales,Isosphaeraceae,,Aerobic,Non-Predator,https://www.ncbi.nlm.nih.gov/genome/10829?genome_assembly_id=173392,https://www.ncbi.nlm.nih.gov/nuccore/NC_019892.1?report=fasta,https://www.ncbi.nlm.nih.gov/pubmed/18450711,,
Bremerella volcania,Plantomycetes,Plantomycetia,Plantomycetales,Plantomycetaceae,,Aerobic,Non-Predator,https://www.ncbi.nlm.nih.gov/genome/83194?genome_assembly_id=648989,https://www.ncbi.nlm.nih.gov/nuccore/NZ_CP036289.1?report=fasta,https://link.springer.com/article/10.1007/s10482-019-01378-1,,
Fuerstia marisgermanicae,Plantomycetes,Plantomycetia,Plantomycetales,Plantomycetaceae,,Aerobic,Non-Predator,https://www.ncbi.nlm.nih.gov/genome/52893?genome_assembly_id=305281,https://www.ncbi.nlm.nih.gov/nuccore/NZ_CP017641.1?report=fasta,https://www.ncbi.nlm.nih.gov/pubmed/28066393,,
Acidithiobacillus caldus ATCC 51756,Proteobacteria,Acidithiobacillia,Acidithiobacilliales,Acidithiobacilliaceae,,Facultative,Non-Predator,https://www.ncbi.nlm.nih.gov/genome/1927?genome_assembly_id=217805,https://www.ncbi.nlm.nih.gov/nuccore/NZ_CP005986.1?report=fasta,https://www.ncbi.nlm.nih.gov/pmc/articles/PMC2737959/,,
Acidithiobacillus ferrooxidans ATCC 23270,Proteobacteria,Acidithiobacillia,Acidithiobacilliales,Acidithiobacilliaceae,,Facultative,Non-Predator,https://www.ncbi.nlm.nih.gov/genome/1014?genome_assembly_id=300479,https://www.ncbi.nlm.nih.gov/nuccore/NC_011761.1?report=fasta,https://bmcgenomics.biomedcentral.com/articles/10.1186/1471-2164-9-597,,
Beijerinckia indica subsp. Indica ATCC 9039,Proteobacteria,Alphaproteobacteria,"
Rhizobiales",Beijerinckiaceae,"Beijerinckia indicaÿsubsp.ÿindicaÿis an aerobic, acidophilic, exopolysaccharide-producing, N2-fixing soil bacterium. It is a generalist chemoorganotroph that is phylogenetically closely related to facultative and obligate methanotrophs of the generaÿMethylocellaÿandÿMethylocapsa.",Aerobic,Non-Predator,https://www.ncbi.nlm.nih.gov/genome/1620?genome_assembly_id=300679,https://www.ncbi.nlm.nih.gov/nuccore/NC_010581.1?report=fasta,https://jb.asm.org/content/192/17/4532.short,,
Acetobacter aceti,Proteobacteria,Alphaproteobacteria,Alphaproteobacteri,Acetobacteraceae,,Aerobic,Non-Predator,https://www.ncbi.nlm.nih.gov/genome/3150?genome_assembly_id=307949,https://www.ncbi.nlm.nih.gov/nuccore/NZ_CP014692.1?report=fasta,,,
Bartonella grahamii as4aup,Proteobacteria,Alphaproteobacteria,Rhizobiales,Bartonellaceae,Abundant in midgut of field collected mosquitoe Culex quinquefasciatus,Aerobic,Non-Predator,https://www.ncbi.nlm.nih.gov/genome/1921?genome_assembly_id=300729,https://www.ncbi.nlm.nih.gov/nuccore/NC_012846.1?report=fasta,https://cgspace.cgiar.org/bitstream/handle/10568/90396/U17ArtMwadondoMidgutNothomDev.pdf?sequence=2&isAllowed=y,,
Ensifer adhaerens,Proteobacteria,Alphaproteobacteria,Rhizobiales,Rhizobiaceae,Facultative predation,Aerobic,Picket Fence,https://www.ncbi.nlm.nih.gov/genome/31131?genome_assembly_id=278003,https://www.ncbi.nlm.nih.gov/nuccore/NZ_CP015880.1?report=fasta,https://www.microbiologyresearch.org/content/journal/ijsem/10.1099/00207713-32-3-339,,
Zymomonas mobilis subsp. mobilis ATCC 10988,Proteobacteria,Alphaproteobacteria,Sphingomonadales,Sphingomonadaceae,Ethanol fermentation,Facultative,Non-Predator,https://www.ncbi.nlm.nih.gov/genome/898?genome_assembly_id=169868,https://www.ncbi.nlm.nih.gov/nuccore/NC_017262.1?report=fasta,https://jb.asm.org/content/193/18/5051.short,,
Methylocella silvestris BL2,Proteobacteria,Alphaproteobacteria ,Rhizobiales ,Beijerinckiaceae ,,Aerobic,Non-Predator,https://www.ncbi.nlm.nih.gov/genome/1615?genome_assembly_id=171444,https://www.ncbi.nlm.nih.gov/nuccore/NC_011666.1?report=fasta,,,
Delftia acidovorans SPH-1,Proteobacteria,Betaproteobacteria,Burkholderiales, Comamonadaceae,"Aerobic, isolated from detergent polluted river waters, can degrade SDS, previously Comamonas and Pseudomonas",Aerobic,Non-Predator,https://www.ncbi.nlm.nih.gov/genome/659?genome_assembly_id=300271,https://www.ncbi.nlm.nih.gov/nuccore/NC_010002.1?report=fasta,https://link.springer.com/article/10.1007/s11356-014-2653-x,,
Bordetella avium 197N,Proteobacteria,Betaproteobacteria,Burkholderiales,Alcaligenaceae,Bordetella aviumÿcauses an upper-respiratory-tract disease called bordetellosis in birds.,Aerobic,Non-Predator,https://www.ncbi.nlm.nih.gov/genome/1085?genome_assembly_id=170443,https://www.ncbi.nlm.nih.gov/nuccore/NC_010645.1?report=fasta,https://iai.asm.org/content/66/11/5244.short,,
Cupriavidus necator,Proteobacteria,Betaproteobacteria,Burkholderiales,Burkholderiaceae,,Aerobic,Lysis (Diffusable),https://www.ncbi.nlm.nih.gov/genome/2490?genome_assembly_id=408488,https://www.ncbi.nlm.nih.gov/nuccore/NZ_CP017757.2?report=fasta,https://mra.asm.org/content/8/37/e00814-19,,
Laribacter hongkongensis HLHK9,Proteobacteria,Betaproteobacteria,Neisseriales,Chromobacteriaceae,"Aerobic and anaerobic respiration, freshwater fish borne community-acquired gastroenteritis and traveler's diarrhea in humans, fish, frog, human guts",Facultative,Non-Predator,https://www.ncbi.nlm.nih.gov/genome/1791?genome_assembly_id=300713,https://www.ncbi.nlm.nih.gov/nuccore/NC_012559.1?report=fasta,https://link.springer.com/article/10.1186/2045-3701-1-16,https://jcm.asm.org/content/jcm/39/12/4227.full.pdf,
Desulfovibrio vulgaris str. 'Miyazaki F',Proteobacteria,Deltaproteobacteria,Desulfovibrionales,Desulfovibrionaceae,"Classical sulfate reducer, some aerotolerance due to catalase and SOD",AnAerobic,Non-Predator,https://www.ncbi.nlm.nih.gov/genome/654?genome_assembly_id=300269,https://www.ncbi.nlm.nih.gov/nuccore/NC_011769.1?report=fasta,https://academic.oup.com/jb/article/133/3/387/834449,,
Archangium gephyra,Proteobacteria,Deltaproteobacteria,Myxococcales,Archangiaceae,Cystobacteraceae - usnsure if this spp is a predator,Aerobic,Myxobacteria-like,https://www.ncbi.nlm.nih.gov/genome/38451?genome_assembly_id=232664,https://www.ncbi.nlm.nih.gov/nuccore/NZ_CP011509.1?report=fasta,,,
Cystobacter fuscus,Proteobacteria,Deltaproteobacteria,Myxococcales,Archangiaceae,Cystobacteraceae - usnsure if this spp is a predator,Aerobic,Myxobacteria-like,https://www.ncbi.nlm.nih.gov/genome/15572?genome_assembly_id=329078,https://www.ncbi.nlm.nih.gov/nuccore/NZ_CP022098.1?report=fasta,,,
Melittangium boletus DSM 14713,Proteobacteria,Deltaproteobacteria,Myxococcales,Archangiaceae,Cystobacteraceae - usnsure if this spp is a predator,Aerobic,Myxobacteria-like,https://www.ncbi.nlm.nih.gov/genome/16708?genome_assembly_id=329079,https://www.ncbi.nlm.nih.gov/nuccore/NZ_CP022163.1?report=fasta,,,
Stigmatella aurantiaca DW4/3-1,Proteobacteria,Deltaproteobacteria,Myxococcales,Archangiaceae,Cystobacteraceae - usnsure if this spp is a predator,Aerobic,Myxobacteria-like,https://www.ncbi.nlm.nih.gov/genome/1355?genome_assembly_id=171102,https://www.ncbi.nlm.nih.gov/nuccore/NC_014623.1?report=fasta,,,
Corallococcus coralloides DSM 2259,Proteobacteria,Deltaproteobacteria,Myxococcales,Myxococcaceae,,Aerobic,Myxobacteria-like,https://www.ncbi.nlm.nih.gov/genome/12529?genome_assembly_id=174079,https://www.ncbi.nlm.nih.gov/nuccore/NC_017030.1?report=fasta,,,
Myxococcus xanthus DK 1622,Proteobacteria,Deltaproteobacteria,Myxococcales,Myxococcaceae,,Aerobic,Myxobacteria-like,https://www.ncbi.nlm.nih.gov/genome/1120?genome_assembly_id=300557,https://www.ncbi.nlm.nih.gov/nuccore/NC_008095.1?report=fasta,https://www.frontiersin.org/articles/10.3389/fmicb.2016.00781/full,,
Chondromyces crocatus,Proteobacteria,Deltaproteobacteria,Myxococcales,Polyangiaciae,,Aerobic,Myxobacteria-like,https://www.ncbi.nlm.nih.gov/genome/39167?genome_assembly_id=241546,https://www.ncbi.nlm.nih.gov/nuccore/NZ_CP012159.1?report=fasta,https://aem.asm.org/content/82/6/1945,,
Helicobacter hepaticus ATCC 51449,Proteobacteria,Epsilonproteobacteria ,Campylobacterales ,Helicobacteraceae,Microaerophillic,Aerobic,Non-Predator,https://www.ncbi.nlm.nih.gov/genome/1102?genome_assembly_id=170489,https://www.ncbi.nlm.nih.gov/nuccore/NC_004917.1?report=fasta,,,
Psychromonas ingrahamii 37,Proteobacteria,Gammaproteobacteria,Alteromonadales,Psychromonadaceae,"Isolated from sea ice off Alaska, gas vesicles, nonmotile, grows at -12C",Facultative,Non-Predator,https://www.ncbi.nlm.nih.gov/genome/1404?genome_assembly_id=171243,https://www.ncbi.nlm.nih.gov/nuccore/NC_008709.1?report=fasta,https://link.springer.com/article/10.1007/s00248-003-1040-9,https://bmcgenomics.biomedcentral.com/articles/10.1186/1471-2164-9-210,
Cellvibrio japonicus Ueda107,Proteobacteria,Gammaproteobacteria,Cellvibrionales,Cellvibrionaceae,"Cellvibrio japonicusÿis a Gram?negative soil bacterium known for its ability to degrade plant cell wall polysaccharides and chitin. Aerobic, monooxygenase.",Aerobic,Non-Predator,https://www.ncbi.nlm.nih.gov/genome/1712?genome_assembly_id=171562,https://www.ncbi.nlm.nih.gov/nuccore/NC_010995.1?report=fasta,https://onlinelibrary.wiley.com/doi/full/10.1002/pmic.201500419,,
Francisella philomiragia subsp. Philomiragia ATCC 25017,Proteobacteria,Gammaproteobacteria,Thiotrichales,Francisellaceae,"Relavtive of pathogen Francisella tularensis, isolated as a free-living microorganism from water in Bear River Refuge, Utah, opportunistic pathogen. Catalase positive, aerobic, halophilic, nonmotile.",Aerobic,Non-Predator,https://www.ncbi.nlm.nih.gov/genome/918?genome_assembly_id=300458,https://www.ncbi.nlm.nih.gov/nuccore/NC_010336.1?report=fasta,https://jcm.asm.org/content/27/7/1601.short,,
Lysobacter antibioticus,Proteobacteria,Gammaproteobacteria,Xanthomonadales,Xanthomonadaceae,Facultative predators similar to myxobacteria,Facultative,Lytic enzymes (close),https://www.ncbi.nlm.nih.gov/genome/16403?genome_assembly_id=258370,https://www.ncbi.nlm.nih.gov/nuccore/NZ_CP013141.1?report=fasta,https://aem.asm.org/content/81/20/7098,https://www.sciencedirect.com/science/article/pii/S1671292709600109,
Stenotrophomonas maltophilia K279a,Proteobacteria,Gammaproteobacteria,Xanthomonadales,Xanthomonadaceae,,Aerobic,Lysis (Diffusable),https://www.ncbi.nlm.nih.gov/genome/880?genome_assembly_id=169827,https://www.ncbi.nlm.nih.gov/nuccore/NC_010943.1?report=fasta,,,
Pragia fontium,Proteobacteria,Gammaproteobacteria ,Enterobacterales ,Budviciaceae ,"Facultative anAerobic, can reduce nitrate to nitrite",Facultative,Non-Predator,https://www.ncbi.nlm.nih.gov/genome/22559?genome_assembly_id=232619,https://www.ncbi.nlm.nih.gov/nuccore/NZ_CP010423.1?report=fasta,https://www.ncbi.nlm.nih.gov/pmc/articles/PMC5395255/,,
Legionella longbeachae NSW150,Proteobacteria,Gammaproteobacteria ,Legionellales ,Legionellaceae ,,Aerobic,Non-Predator,https://www.ncbi.nlm.nih.gov/genome/1393?genome_assembly_id=171233,https://www.ncbi.nlm.nih.gov/nuccore/NC_013861.1?report=fasta,https://www.microbiologyresearch.org/content/journal/ijsem/10.1099/ijs.0.63741-0,,
Micavibrio aeruginosavorus ,Proteobacteria ,Alphaproteobacteria,Bdellovibrionales,Bdellovibrionaceae,,Aerobic,Epibiotic,https://www.ncbi.nlm.nih.gov/genome/?term=Micavibrio+aeruginosavorus,https://www.ncbi.nlm.nih.gov/nuccore/NC_016026.1?report=fasta,,,
Hirschia baltica ATCC 49814,Proteobacteria ,Alphaproteobacteria ,Rhodobacterales ,Hyphomonadaceae ,"Aerobic, stalked, budding bacterium from the baltic sea at Kiel.",Aerobic,Non-Predator,https://www.ncbi.nlm.nih.gov/genome/1867?genome_assembly_id=300721,https://www.ncbi.nlm.nih.gov/nuccore/NC_012982.1?report=fasta,https://link.springer.com/article/10.4056/sigs.2205004,,
Thalassospira xiamenesis DSM 17429,Proteobacteria ,Alphaproteobacteria ,Rhodospirillales ,Rhodospirillaceae ,,Aerobic,Non-Predator,https://www.ncbi.nlm.nih.gov/genome/13458?genome_assembly_id=218149,https://www.ncbi.nlm.nih.gov/nuccore/NZ_CP004388.1?report=fasta,https://jb.asm.org/content/194/24/6957,,
Novosphingobium pentaromativorans US6-1,Proteobacteria ,Alphaproteobacteria ,Sphingomonadales ,Sphingomonadaceae ,"Marine bacterium from muddy sediments of Ulsan Bay, Korea. Degrades polycyclic hydrocarbons with monooxygenases and dioxygenases",Aerobic,Non-Predator,https://www.ncbi.nlm.nih.gov/genome/12095?genome_assembly_id=212037,https://www.ncbi.nlm.nih.gov/nuccore/NZ_CP009291.1?report=fasta,,,
Ralstonia pickettii 12J,Proteobacteria ,Betaproteobacteria ,Burkholderiales ,Burkholderiaceae ,"Ralstonia spp. are aerobic Gram-negative, oxidase positive, non-fermentative rods that are found in water and soil. ",Aerobic,Non-Predator,https://www.ncbi.nlm.nih.gov/genome/670?genome_assembly_id=300279,https://www.ncbi.nlm.nih.gov/nuccore/NC_010682.1?report=fasta,https://www.uniprot.org/proteomes/UP000002566,,
Variovorax paradoxus EPS,Proteobacteria ,Betaproteobacteria ,Burkholderiales ,Comamonadaceae ,Variovorax paradoxus is an aerobic soil bacterium associated with important biodegradative processes in nature. ,Aerobic,Wolf-Pack,https://www.ncbi.nlm.nih.gov/genome/1766?genome_assembly_id=171638,https://www.ncbi.nlm.nih.gov/nuccore/NC_014931.1?report=fasta,https://journals.plos.org/plosone/article?id=10.1371/journal.pone.0031832,,
Vulgatibacter incomptus,Proteobacteria ,Deltaproteobacteria ,Myxococcales ,Cystobacterineae ,"Good pick: relative of myxobacteria that use wolfpack hunting and external predation but not a predator itself. Vegetative cells are Gram-negative staining, motile, slender rods. Swarming motility and formation of fruiting body-like aggregates are not observed on BPA-3 or B1N agar. Non-bacteriolytic and non-cellulolytic type of nutrition. Obligately aerobic organotrophs.Chemoheterotrophic, mesophilic, strictly aerobic.",Aerobic,Non-Predator,https://www.ncbi.nlm.nih.gov/genome/39853?genome_assembly_id=245306,https://www.ncbi.nlm.nih.gov/nuccore/NZ_CP012332.1?report=fasta,https://www.ncbi.nlm.nih.gov/pubmed/25048208,,
Thioalakalivibrio sulfidiphilus HL-EbGr7,Proteobacteria ,Gammaproteobacteria ,Chromatiales ,Ectothiorhodospiraceae ,,Aerobic,Non-Predator,https://www.ncbi.nlm.nih.gov/genome/1740?genome_assembly_id=300705,https://www.ncbi.nlm.nih.gov/nuccore/NC_011901.1?report=fasta,https://www.ncbi.nlm.nih.gov/pmc/articles/PMC3072093/,,
Halothiobacillus neapolitanus c2,Proteobacteria ,Gammaproteobacteria ,Chromatiales ,Halothiobacillaceae ,,Aerobic,Non-Predator,https://www.ncbi.nlm.nih.gov/genome/1796?genome_assembly_id=171678,https://www.ncbi.nlm.nih.gov/nuccore/NC_013422.1?report=fasta,,,
Xanthomonas oryzae pv. Oryzae PXO99A,Proteobacteria ,Gammaproteobacteria ,Xanthomonadales ,Xanthomonadaceae  ,Important rice pathogen,Aerobic,Non-Predator,https://www.ncbi.nlm.nih.gov/genome/529?genome_assembly_id=233750,https://www.ncbi.nlm.nih.gov/nuccore/NC_010717.2?report=fasta,https://www.uniprot.org/proteomes/UP000001740,,
Marinobacter salarius,Proteobacteria ,Gammaproteobacteria  ,Alteromonadales,Alteromonadaceae,"Aerobic, motile, marine hydrocarbon degrading bacteria, oxidase positive, catalase positive",Aerobic,Non-Predator,https://www.ncbi.nlm.nih.gov/genome/36063?genome_assembly_id=218817,https://www.ncbi.nlm.nih.gov/nuccore/NZ_CP007152.1?report=fasta,https://www.ncbi.nlm.nih.gov/pmc/articles/PMC4157798/,,
Bacteriovorax stolpii,Proteobacteria ,Oligoflexia,Bacteriovoracales,Bdellovibrionaceae,,Aerobic,Periplasmic,https://www.ncbi.nlm.nih.gov/genome/66592?genome_assembly_id=359865,https://www.ncbi.nlm.nih.gov/nuccore/NZ_CP025704.1?report=fasta,,,
Haloacteriovorax marinus ,Proteobacteria ,Oligoflexia,Bacteriovoracales,Halobacteriovoraceae,,Aerobic,Periplasmic,https://www.ncbi.nlm.nih.gov/genome/?term=Bacteriovorax+marinus,https://www.ncbi.nlm.nih.gov/nuccore/NC_016620.1?report=fasta,,,
Bdellovibrio bacteriovorus ,Proteobacteria ,Oligoflexia,Bdellovibrionales,Bdellovibrionaceae,,Aerobic,Periplasmic,https://www.ncbi.nlm.nih.gov/genome/?term=Bdellovibrio+bacteriovorus,https://www.ncbi.nlm.nih.gov/nuccore/NC_005363.1?report=fasta,,,
Bdellovibrio exovorus ,Proteobacteria ,Oligoflexia,Bdellovibrionales,Bdellovibrionaceae,,Aerobic,Epibiotic,https://www.ncbi.nlm.nih.gov/genome/?term=Bdellovibrio+exovorus,https://www.ncbi.nlm.nih.gov/nuccore/NC_020813.1?report=fasta,,,
Borrelia duttonii Ly,Spirochaetes,Spirochaetales,Borreliaceae,Borrelia,,Aerobic,Non-Predator,https://www.ncbi.nlm.nih.gov/genome/1474?genome_assembly_id=300658,https://www.ncbi.nlm.nih.gov/nuccore/NC_011229.1?report=fasta,,,
Brachyspira hampsonii,Spirochaetes,Spirochaetes,Brachyspirales,Brachyspiraceae,Gut pathogen,Anaerobic,Non-Predator,https://www.ncbi.nlm.nih.gov/genome/16471?genome_assembly_id=408698,https://www.ncbi.nlm.nih.gov/nuccore/NZ_CP019914.1?report=fasta,https://onlinelibrary.wiley.com/doi/full/10.1111/tbed.13032,,
Leptospira mayottensis 200901116,Spirochaetes,Spirochaetes,Leptospirales,Leptospiraceae,Bloodborne pathogen,Aerobic,Non-Predator,https://www.ncbi.nlm.nih.gov/genome/41665?genome_assembly_id=433415,https://www.ncbi.nlm.nih.gov/nuccore/NZ_CP024871.1?report=fasta,https://www.ncbi.nlm.nih.gov/pmc/articles/PMC4811635/,,
Sediminispirochaeta smaragdinae DSM 11293,Spirochaetes,Spirochaetes,Spirochaetales,Spirochaetaceae,"Free living, carbohydrate fermenting, haliphilic spirochaete isolated from production water sample from Congo offshore oil field Emerald",AnAerobic,Non-Predator,https://www.ncbi.nlm.nih.gov/genome/1844?genome_assembly_id=171758,https://www.ncbi.nlm.nih.gov/nuccore/NC_014364.1?report=fasta,https://link.springer.com/article/10.1186/s12862-019-1379-2,https://www.microbiologyresearch.org/content/journal/ijsem/10.1099/ijsem.0.001545,https://academic.oup.com/femsle/article/155/2/185/510725
Treponema azotonutricium ZAS-9,Spirochaetes,Spirochaetes,Spirochaetales,Spirochaetaceae,,AnAerobic,Non-Predator,https://www.ncbi.nlm.nih.gov/genome/1763?genome_assembly_id=171629,https://www.ncbi.nlm.nih.gov/nuccore/NC_015577.1?report=fasta,https://aem.asm.org/content/70/3/1315.short,,
Acetomicrobium mobile DSM 13181,Synergistetes,Synergisteta,Synergistetales,Synergistetaceae,,Anaerobic,Non-Predator,https://www.ncbi.nlm.nih.gov/genome/10810?genome_assembly_id=173382,https://www.ncbi.nlm.nih.gov/nuccore/NC_018024.1?report=fasta,https://www.ncbi.nlm.nih.gov/pmc/articles/PMC3739175/,,
Aminobacterium colombiense DSM 12261,Synergistetes,Synergisteta,Synergistetales,Synergistetaceae,,AnAerobic,Non-Predator,https://www.ncbi.nlm.nih.gov/genome/1834?genome_assembly_id=171748,https://www.ncbi.nlm.nih.gov/nuccore/NC_014011.1?report=fasta,https://environmentalmicrobiome.biomedcentral.com/articles/10.4056/sigs.902116,,
Cloacibacillus porcorum,Synergistetes,Synergisteta,Synergistetales,Synergistetaceae,,Anaerobic,Non-Predator,https://www.ncbi.nlm.nih.gov/genome/45742?genome_assembly_id=280682,https://www.ncbi.nlm.nih.gov/nuccore/NZ_CP016757.1?report=fasta,https://www.ncbi.nlm.nih.gov/pmc/articles/PMC3709534/,,
Thermovirga lienii DSM 17291,Synergistetes,Synergisteta,Synergistetales,Synergistetaceae,,Anaerobic,Non-Predator,https://www.ncbi.nlm.nih.gov/genome/11134?genome_assembly_id=173530,https://www.ncbi.nlm.nih.gov/nuccore/NC_016148.1?report=fasta,,,
Catharanthus roseus aster yellows phytoplasma,Tenericutes,Mollicutes,Acholeplasmatales,Acholeplasmataceae,Plant pathogen,Facultative,Non-Predator,https://www.ncbi.nlm.nih.gov/genome/76144?genome_assembly_id=451955,https://www.ncbi.nlm.nih.gov/nuccore/NZ_CP035949.1?report=fasta,https://www.microbiologyresearch.org/docserver/fulltext/ijsem/54/4/1037.pdf?expires=1589501946&id=id&accname=guest&checksum=0F942059E7B8EAF476E9C67524B8FED1,,
Entomoplasma luminosum,Tenericutes,Mollicutes,Entomoplasmatales,Entomoplasmataceae,,Facultative,Non-Predator,https://www.ncbi.nlm.nih.gov/genome/31060?genome_assembly_id=355485,https://www.ncbi.nlm.nih.gov/nuccore/NZ_CP024963.1?report=fasta,https://www.ncbi.nlm.nih.gov/pubmed/2223610,,
Mesoplasma florum L1,Tenericutes,Mollicutes,Entomoplasmatales,Entomoplasmataceae,,Facultative,Non-Predator,https://www.ncbi.nlm.nih.gov/genome/1129?genome_assembly_id=300561,https://www.ncbi.nlm.nih.gov/nuccore/NC_006055.1?report=fasta,,,
Acholeplasma laidlawii PG-8A,Tenericutes,Mollicutes,Mollicutes,Acholeplasmatales,,Facultative,Non-Predator,https://www.ncbi.nlm.nih.gov/genome/1515?genome_assembly_id=300665,https://www.ncbi.nlm.nih.gov/nuccore/NC_010163.1?report=fasta,,,
Mycoplasma genitalium G37,Tenericutes,Mollicutes,Mollicutes,Mycoplasmataceae,Sexually transmitted pathogen,Facultative,Non-Predator,https://www.ncbi.nlm.nih.gov/genome/474?genome_assembly_id=300158,https://www.ncbi.nlm.nih.gov/nuccore/NC_000908.2?report=fasta,,,
Mycoplasma hyopneumoniae J,Tenericutes,Mollicutes,Mollicutes,Mycoplasmataceae,Swine pathogen,Facultative,Non-Predator,https://www.ncbi.nlm.nih.gov/genome/190?genome_assembly_id=299966,https://www.ncbi.nlm.nih.gov/nuccore/NC_007295.1?report=fasta,,,
Ureaplasma parvum serovar 3 str. ATCC 27815,Tenericutes,Mollicutes,Mollicutes,Mycoplasmataceae,,Facultative,Non-Predator,https://www.ncbi.nlm.nih.gov/genome/716?genome_assembly_id=300315,https://www.ncbi.nlm.nih.gov/nuccore/NC_010503.1?report=fasta,,,
Spiroplasma kunkelii CR2-3x,Tenericutes,Mollicutes,Mollicutes,Spiroplasmataceae,,Facultative,Non-Predator,https://www.ncbi.nlm.nih.gov/genome/1043?genome_assembly_id=246562,https://www.ncbi.nlm.nih.gov/nuccore/NZ_CP010899.1?report=fasta,https://www.microbiologyresearch.org/docserver/fulltext/ijsem/36/2/ijs-36-2-170.pdf?expires=1589500739&id=id&accname=guest&checksum=22E18E26D082E2E4461D7CE8162CA046,,
Caldimicrobium thiodismutans,Thermodesulfobacteria,Thermodesulfobacteria,Thermodesulfobacteriales,Thermodesulfobacteriaceae,,Anaerobic,Non-Predator,https://www.ncbi.nlm.nih.gov/genome/42861?genome_assembly_id=264153,https://www.ncbi.nlm.nih.gov/nuccore/NZ_AP014945.1?report=fasta,https://www.microbiologyresearch.org/content/journal/ijsem/10.1099/ijsem.0.000947#tab2,,
Thermodesulfobacterium commune DSM 2178,Thermodesulfobacteria,Thermodesulfobacteria,Thermodesulfobacteriales,Thermodesulfobacteriaceae,,AnAerobic,Non-Predator,https://www.ncbi.nlm.nih.gov/genome/11051?genome_assembly_id=204695,https://www.ncbi.nlm.nih.gov/nuccore/NZ_CP008796.1?report=fasta,https://www.ncbi.nlm.nih.gov/pmc/articles/PMC4319511/,,
Thermodesulfobacterium geofontis OPF15,Thermodesulfobacteria,Thermodesulfobacteria,Thermodesulfobacteriales,Thermodesulfobacteriaceae,,Anaerobic,Non-Predator,https://www.ncbi.nlm.nih.gov/genome/17786?genome_assembly_id=177124,https://www.ncbi.nlm.nih.gov/nuccore/NC_015682.1?report=fasta,,,
Kosmotoga olearia TBF 19.5.1,Thermotogae,Thermotogae,Kosmotogales,Kosmotogaceae,,Anaerobic,Non-Predator,https://www.ncbi.nlm.nih.gov/genome/1748?genome_assembly_id=171607,https://www.ncbi.nlm.nih.gov/nuccore/NC_012785.1?report=fasta,https://www.ncbi.nlm.nih.gov/pmc/articles/PMC3187421/,,
Athalassotoga saccharophila,Thermotogae,Thermotogae,Mesoaciditogales,Mesoaciditogaceae,,Anaerobic,Non-Predator,https://www.ncbi.nlm.nih.gov/genome/86958?genome_assembly_id=760213,https://www.ncbi.nlm.nih.gov/nuccore/NZ_AP019551.1?report=fasta,,,
Defluviitoga tunisiensis,Thermotogae,Thermotogae,Petrotogales,Petrotogaceae,,Anaerobic,Non-Predator,https://www.ncbi.nlm.nih.gov/genome/36567?genome_assembly_id=228092,https://www.ncbi.nlm.nih.gov/nuccore/NZ_LN824141.1?report=fasta,,,
Petrotoga mobilis SJ95,Thermotogae,Thermotogae,Petrotogales,Petrotogaceae,,Anaerobic,Non-Predator,https://www.ncbi.nlm.nih.gov/genome/1466?genome_assembly_id=300655,https://www.ncbi.nlm.nih.gov/nuccore/NC_010003.1?report=fasta,,,
Fervidobacterium nodosum Rt17-B1,Thermotogae,Thermotogae,Thermotogales,Fervidobacteriaceae,,AnAerobic,Non-Predator,https://www.ncbi.nlm.nih.gov/genome/1426?genome_assembly_id=171277,https://www.ncbi.nlm.nih.gov/nuccore/NC_009718.1?report=fasta,,,
Thermotoga caldifontis AZM44c09,Thermotogae,Thermotogae,Thermotogales,Thermotogaceae,,AnAerobic,Non-Predator,https://www.ncbi.nlm.nih.gov/genome/35942?genome_assembly_id=218323,https://www.ncbi.nlm.nih.gov/nuccore/NZ_AP014509.1?report=fasta,https://link.springer.com/article/10.1007/s00792-015-0761-2,,
Vampirococcus sp.,Vampirococcus,Unclassified,Unclassified,Unclassified,,Anaerobic,Epibiotic,https://www.ncbi.nlm.nih.gov/genome/75296?genome_assembly_id=441792,https://www.ncbi.nlm.nih.gov/nuccore/NZ_CP019384.1?report=fasta,,,
Nibricoccus aquaticus,Verrucomicrobia,Opitutae,Opitutales,Opitutaceae,,Aerobic,Non-Predator,https://www.ncbi.nlm.nih.gov/genome/79591?genome_assembly_id=518246,https://www.ncbi.nlm.nih.gov/nuccore/NZ_CP023344.1?report=fasta,https://www.ncbi.nlm.nih.gov/pubmed/30575499,,
Opitutus terrae PB90-1,Verrucomicrobia,Opitutae,Opitutales,Opitutaceae,,AnAerobic,Non-Predator,https://www.ncbi.nlm.nih.gov/genome/1591?genome_assembly_id=171427,https://www.ncbi.nlm.nih.gov/nuccore/NC_010571.1?report=fasta,https://jb.asm.org/content/193/9/2367.short,,
Akkermansia muciniphila ATCC BAA-835,Verrucomicrobia,Verrucomicrobiae,Verrucomicrobiales,Akkermansiaceae,,AnAerobic,Non-Predator,https://www.ncbi.nlm.nih.gov/genome/1598?genome_assembly_id=300674,https://www.ncbi.nlm.nih.gov/nuccore/NC_010655.1?report=fasta,https://journals.plos.org/plosone/article?id=10.1371/journal.pone.0016876,https://www.tandfonline.com/doi/full/10.1080/19490976.2018.1511663,
Methylacidiphilum infernorum V4,Verrucomicrobia ,Methylacidiphilae ,Methylacidiphilales ,Methylacidiphilaceae ,,Aerobic,Non-Predator,https://www.ncbi.nlm.nih.gov/genome/1730?genome_assembly_id=171582,https://www.ncbi.nlm.nih.gov/nuccore/NC_010794.1?report=fasta,,,
